INSERT INTO Customers
(CustomerName, EmailAddress, PhoneNumber, Industry, Country)
VALUES
('Contoso Ltd','info@contoso.com','+233201000001','Technology','Ghana'),
('Fabrikam Manufacturing','sales@fabrikam.com','+233201000002','Manufacturing','Nigeria'),
('Northwind Retail','contact@northwind.com','+233201000003','Retail','South Africa'),
('Adventure Works','support@adventureworks.com','+233201000004','Sports','Kenya'),
('Alpine Electronics','info@alpine.com','+233201000005','Electronics','United Kingdom'),
('Blue Yonder Logistics','contact@blueyonder.com','+233201000006','Logistics','Netherlands'),
('Woodgrove Bank','customers@woodgrove.com','+233201000007','Finance','United Kingdom'),
('Proseware Solutions','sales@proseware.com','+233201000008','Technology','Ghana'),
('Tailspin Toys','hello@tailspin.com','+233201000009','Retail','South Africa'),
('Litware Inc','contact@litware.com','+233201000010','Technology','United States'),

('Apex Healthcare','info@apexhealth.com','+233201000011','Healthcare','Ghana'),
('Summit Insurance','contact@summitins.com','+233201000012','Insurance','Nigeria'),
('Omni Foods','sales@omnifoods.com','+233201000013','Food & Beverage','Kenya'),
('Vertex Energy','info@vertexenergy.com','+233201000014','Energy','South Africa'),
('Prime Technologies','contact@primetech.com','+233201000015','Technology','Ghana'),
('Capital Holdings','info@capitalholdings.com','+233201000016','Finance','United Kingdom'),
('Global Freight','operations@globalfreight.com','+233201000017','Logistics','Germany'),
('Evergreen Agriculture','sales@evergreenagri.com','+233201000018','Agriculture','Nigeria'),
('Urban Retail Group','contact@urbanretail.com','+233201000019','Retail','Kenya'),
('Metro Telecom','info@metrotelecom.com','+233201000020','Telecommunications','Ghana'),

('Nova Construction','contact@novaconstruct.com','+233201000021','Construction','United Arab Emirates'),
('Sterling Motors','sales@sterlingmotors.com','+233201000022','Automotive','South Africa'),
('CloudSphere','hello@cloudsphere.com','+233201000023','Technology','United States'),
('Momentum Health','support@momentumhealth.com','+233201000024','Healthcare','United Kingdom'),
('Bright Education','info@brightedu.com','+233201000025','Education','Ghana'),
('Zenith Bank','contact@zenithbank.com','+233201000026','Finance','Nigeria'),
('Fusion Consulting','sales@fusionconsulting.com','+233201000027','Professional Services','South Africa'),
('Eagle Security','support@eaglesecurity.com','+233201000028','Security','Kenya'),
('Harmony Hotels','bookings@harmonhotels.com','+233201000029','Hospitality','Ghana'),
('Nexus Electronics','sales@nexuselectronics.com','+233201000030','Electronics','Germany'),

('Velocity Media','info@velocitymedia.com','+233201000031','Media','United Kingdom'),
('Ocean Shipping','contact@oceanshipping.com','+233201000032','Logistics','Netherlands'),
('Future Retail','sales@futureretail.com','+233201000033','Retail','Nigeria'),
('Peak Manufacturing','info@peakmfg.com','+233201000034','Manufacturing','South Africa'),
('Silverline Legal','contact@silverlinelegal.com','+233201000035','Legal','Ghana'),
('Orion Aerospace','info@orionaero.com','+233201000036','Aerospace','United States'),
('Redwood Properties','sales@redwoodproperties.com','+233201000037','Real Estate','Kenya'),
('Infinity Energy','contact@infinityenergy.com','+233201000038','Energy','United Kingdom'),
('Pioneer Foods','hello@pioneerfoods.com','+233201000039','Food & Beverage','South Africa'),
('Vision Healthcare','support@visionhealth.com','+233201000040','Healthcare','Nigeria'),

('Atlas Mining','contact@atlasmining.com','+233201000041','Mining','Ghana'),
('Bright Logistics','info@brightlogistics.com','+233201000042','Logistics','Kenya'),
('Elite Insurance','sales@eliteinsurance.com','+233201000043','Insurance','United Kingdom'),
('Connect Telecom','support@connecttelecom.com','+233201000044','Telecommunications','South Africa'),
('Smart Education','info@smartedu.com','+233201000045','Education','Nigeria'),
('Core Banking Services','contact@corebanking.com','+233201000046','Finance','Ghana'),
('Dynamic Solutions','sales@dynamicsolutions.com','+233201000047','Technology','United States'),
('Global Manufacturing','info@globalmfg.com','+233201000048','Manufacturing','Germany'),
('Green Agriculture','contact@greenagri.com','+233201000049','Agriculture','Kenya'),
('Premier Retail Group','sales@premierretail.com','+233201000050','Retail','United Kingdom');

INSERT INTO Products
(ProductName, Description, Category, Price, StockQuantity)
VALUES
('Laptop Pro 15','Business laptop with 15-inch display','Computing',1500,100),
('Laptop Pro 13','Compact business laptop','Computing',1300,120),
('Business Tablet','Tablet for mobile productivity','Computing',800,150),
('Wireless Mouse','Bluetooth wireless mouse','Accessories',30,500),
('Mechanical Keyboard','Premium keyboard','Accessories',85,300),
('Docking Station','Universal USB-C docking station','Accessories',120,250),
('Monitor 24 Inch','Full HD monitor','Displays',220,180),
('Monitor 27 Inch','4K professional monitor','Displays',350,160),
('Conference Camera','Video conferencing camera','Collaboration',600,50),
('Wireless Headset','Noise-cancelling headset','Collaboration',120,200),
('Smartphone X','Business smartphone','Mobile',950,140),
('Smartphone Lite','Entry-level smartphone','Mobile',450,180),
('Printer Enterprise','Office printer','Office Equipment',700,40),
('Scanner Pro','High-speed document scanner','Office Equipment',500,60),
('Network Switch 24 Port','Managed network switch','Networking',900,35),
('Wireless Access Point','Enterprise Wi-Fi access point','Networking',350,75),
('External SSD 1TB','Portable SSD storage','Storage',180,220),
('External SSD 2TB','Portable SSD storage','Storage',320,150),
('Projector HD','Conference room projector','Collaboration',850,30),
('Interactive Display','Touch enabled meeting display','Collaboration',2500,12);

SET IDENTITY_INSERT Orders ON;
INSERT INTO Orders
(OrderId, CustomerId, OrderDate, TotalAmount, Status)
VALUES
(1,'2026-01-05',1800,'Completed'),
(2,'2026-01-07',950,'Completed'),
(3,'2026-01-10',2200,'Completed'),
(4,'2026-01-12',750,'Completed'),
(5,'2026-01-15',3200,'Completed'),
(6,'2026-01-18',450,'Completed'),
(7,'2026-01-20',1500,'Processing'),
(8,'2026-01-22',890,'Completed'),
(9,'2026-01-25',2700,'Completed'),
(10,'2026-01-28',1200,'Pending'),
(11,'2026-02-01',1800,'Completed'),
(12,'2026-02-03',950,'Completed'),
(13,'2026-02-05',3100,'Completed'),
(14,'2026-02-08',400,'Completed'),
(15,'2026-02-10',2200,'Processing'),
(16,'2026-02-12',1850,'Completed'),
(17,'2026-02-15',650,'Completed'),
(18,'2026-02-17',3400,'Completed'),
(19,'2026-02-18',900,'Pending'),
(20,'2026-02-20',1500,'Completed'),
(134,'2026-02-22',600,'Cancelled'),
(135,'2026-02-24',2500,'Completed'),
(136,'2026-02-25',1800,'Completed'),
(137,'2026-02-27',700,'Processing'),
(138,'2026-02-28',1100,'Completed'),
(139,'2026-03-01',2450,'Completed'),
(140,'2026-03-02',1350,'Completed'),
(141,'2026-03-03',850,'Completed'),
(142,'2026-03-04',1750,'Processing'),
(143,'2026-03-05',2990,'Completed'),
(144,'2026-03-06',4500,'Completed'),
(145,'2026-03-07',620,'Pending'),
(146,'2026-03-08',1100,'Completed'),
(147,'2026-03-09',2800,'Completed'),
(148,'2026-03-10',950,'Cancelled'),
(149,'2026-03-11',3300,'Completed'),
(150,'2026-03-12',1250,'Completed'),
(151,'2026-03-13',700,'Processing'),
(152,'2026-03-14',4100,'Completed'),
(153,'2026-03-15',1800,'Completed'),
(154,'2026-03-16',2200,'Completed'),
(155,'2026-03-17',1600,'Pending'),
(156,'2026-03-18',875,'Completed'),
(157,'2026-03-19',3150,'Completed'),
(158,'2026-03-20',1400,'Completed'),
(159,'2026-03-21',2650,'Completed'),
(160,'2026-03-22',980,'Processing'),
(161,'2026-03-23',5200,'Completed'),
(162,'2026-03-24',1750,'Completed'),
(163,'2026-03-25',2400,'Completed'),
(164,'2026-04-01',1950,'Completed'),
(165,'2026-04-02',850,'Completed'),
(166,'2026-04-03',2750,'Completed'),
(167,'2026-04-04',1200,'Processing'),
(168,'2026-04-05',3400,'Completed'),
(169,'2026-04-06',650,'Pending'),
(170,'2026-04-07',1800,'Completed'),
(171,'2026-04-08',4100,'Completed'),
(172,'2026-04-09',2200,'Completed'),
(173,'2026-04-10',950,'Cancelled'),
(174,'2026-04-11',1600,'Completed'),
(175,'2026-04-12',3100,'Completed'),
(176,'2026-04-13',720,'Processing'),
(177,'2026-04-14',2900,'Completed'),
(178,'2026-04-15',1450,'Completed'),
(179,'2026-04-16',3800,'Completed'),
(180,'2026-04-17',890,'Pending'),
(181,'2026-04-18',2100,'Completed'),
(182,'2026-04-19',1750,'Completed'),
(183,'2026-04-20',2600,'Completed'),
(184,'2026-04-21',1250,'Completed'),
(185,'2026-04-22',4700,'Completed'),
(186,'2026-04-23',980,'Processing'),
(187,'2026-04-24',3300,'Completed'),
(188,'2026-04-25',1500,'Completed'),
(189,'2026-05-01',2100,'Completed'),
(190,'2026-05-02',780,'Completed'),
(191,'2026-05-03',3250,'Completed'),
(192,'2026-05-04',1400,'Processing'),
(193,'2026-05-05',2600,'Completed'),
(194,'2026-05-06',890,'Pending'),
(195,'2026-05-07',3700,'Completed'),
(196,'2026-05-08',1150,'Completed'),
(197,'2026-05-09',4900,'Completed'),
(198,'2026-05-10',1050,'Cancelled'),
(199,'2026-05-11',2800,'Completed'),
(200,'2026-05-12',920,'Completed'),
(201,'2026-05-13',1500,'Processing'),
(202,'2026-05-14',4200,'Completed'),
(203,'2026-05-15',1800,'Completed'),
(204,'2026-05-16',3100,'Completed'),
(205,'2026-05-17',650,'Pending'),
(206,'2026-05-18',2200,'Completed'),
(207,'2026-05-19',1350,'Completed'),
(208,'2026-05-20',2700,'Completed'),
(209,'2026-05-21',1450,'Completed'),
(210,'2026-05-22',5100,'Completed'),
(211,'2026-05-23',1200,'Processing'),
(212,'2026-05-24',3400,'Completed'),
(213,'2026-05-25',1600,'Completed');


INSERT INTO orderitems
(OrderId, ProductId, Quantity, Price)
VALUES
(1,1,1,1500),
(1,4,10,30),
(2,11,1,950),
(3,1,1,1500),
(3,7,2,220),
(4,3,1,800),
(5,1,2,1500),
(5,4,5,30),
(6,4,15,30),
(7,9,2,600),
(7,8,1,350),
(8,11,1,950),
(9,1,1,1500),
(9,13,1,700),
(9,4,5,30),
(10,3,1,800),
(11,1,1,1500),
(11,4,10,30),
(12,11,1,950),
(13,20,1,2500),
(13,4,20,30),
(14,4,10,30),
(14,5,1,85),
(15,9,2,600),
(15,4,5,30),
(16,1,1,1500),
(16,7,1,220),
(17,3,1,800),
(18,1,2,1500),
(18,11,1,950),
(19,11,1,950),
(20,1,1,1500),
(134,4,20,30),
(135,20,1,2500),
(136,1,1,1500),
(136,7,1,220),
(137,3,1,800),
(138,11,1,950),
(138,4,5,30);
INSERT INTO orderitems
(OrderId, ProductId, Quantity, Price)
VALUES
(139,1,1,1500),
(139,6,5,120),
(140,11,1,950),
(141,3,1,800),
(141,4,2,30),
(142,1,1,1500),
(142,8,2,120),
(143,20,1,2500),
(143,4,3,30),
(144,1,2,1500),
(144,9,2,600),
(145,4,20,30),
(146,11,1,950),
(146,3,1,800),
(147,20,1,2500),
(148,7,2,220),
(148,4,5,30),
(149,1,2,1500),
(149,5,3,85),
(150,11,1,950),
(151,3,1,800),
(152,1,1,1500),
(152,20,1,2500),
(153,3,2,800),
(154,11,1,950),
(154,6,5,120),
(155,1,2,1500),
(155,7,1,220),
(156,3,1,800),
(157,1,2,1500),
(157,11,1,950),
(158,11,1,950),
(159,1,1,1500),
(160,4,20,30),
(161,20,1,2500),
(162,1,1,1500),
(162,7,1,220),
(163,3,1,800),
(163,4,5,30);

INSERT INTO orderitems
(OrderId, ProductId, Quantity, Price)
VALUES
(164,1,1,1500),
(164,4,15,30),
(165,11,1,950),
(166,20,1,2500),
(166,6,2,120),
(167,3,1,800),
(167,5,4,85),
(168,1,2,1500),
(169,4,20,30),
(170,11,1,950),
(170,8,3,120),
(171,20,1,2500),
(171,7,2,220),
(172,1,1,1500),
(172,9,1,600),
(173,3,1,800),
(173,4,5,30),
(174,1,1,1500),
(174,11,1,950),
(175,6,5,120),
(176,20,1,2500),
(176,4,10,30),
(177,11,2,950),
(178,3,1,800),
(178,5,5,85),
(179,1,2,1500),
(179,8,2,120),
(180,4,25,30),
(181,11,1,950),
(181,7,3,220),
(182,20,1,2500),
(183,1,1,1500),
(183,6,3,120),
(184,11,1,950),
(184,5,2,85),
(185,20,1,2500),
(185,9,2,600),
(186,3,2,800),
(187,1,2,1500);

INSERT INTO orderitems
(OrderId, ProductId, Quantity, Price)
VALUES
(189,1,1,1500),
(189,4,10,30),
(190,11,1,950),
(191,20,1,2500),
(191,6,4,120),
(192,3,1,800),
(192,5,6,85),
(193,1,2,1500),
(194,4,15,30),
(195,11,2,950),
(196,20,1,2500),
(196,8,4,120),
(197,1,1,1500),
(197,9,2,600),
(198,3,1,800),
(198,4,8,30),
(199,1,2,1500),
(199,11,1,950),
(200,6,5,120),
(201,20,1,2500),
(201,5,5,85),
(202,11,1,950),
(202,4,12,30),
(203,1,1,1500),
(203,7,3,220),
(204,20,1,2500),
(205,3,2,800),
(206,11,1,950),
(206,6,3,120),
(207,1,2,1500),
(208,4,25,30),
(209,20,1,2500),
(209,9,1,600),
(210,11,2,950),
(211,1,1,1500),
(212,4,10,30),
(213,20,1,2500),
(213,11,1,950);
INSERT INTO Invoices
(OrderId, InvoiceDate, InvoiceAmount, Status)
VALUES
(1,'2026-01-06',1800,'Paid'),
(2,'2026-01-08',950,'Paid'),
(3,'2026-01-11',2200,'Paid'),
(4,'2026-01-13',750,'Paid'),
(5,'2026-01-16',3200,'Paid'),
(6,'2026-01-19',450,'Paid'),
(7,'2026-01-21',1500,'Unpaid'),
(8,'2026-01-23',890,'Paid'),
(9,'2026-01-26',2700,'Paid'),
(10,'2026-01-29',1200,'Overdue'),
(11,'2026-02-02',1800,'Paid'),
(12,'2026-02-04',950,'Paid'),
(13,'2026-02-06',3100,'Paid'),
(14,'2026-02-09',400,'Paid'),
(15,'2026-02-11',2200,'Unpaid'),
(16,'2026-02-13',1850,'Paid'),
(17,'2026-02-16',650,'Paid'),
(18,'2026-02-18',3400,'Paid'),
(19,'2026-02-19',900,'Overdue'),
(20,'2026-02-21',1500,'Paid'),
(134,'2026-02-23',600,'Paid'),
(135,'2026-02-25',2500,'Paid'),
(136,'2026-02-26',1800,'Paid'),
(137,'2026-02-28',700,'Unpaid'),
(138,'2026-03-01',1100,'Paid'),
(139,'2026-03-02',2450,'Paid'),
(140,'2026-03-03',1350,'Paid'),
(141,'2026-03-04',850,'Paid'),
(142,'2026-03-05',1750,'Unpaid'),
(143,'2026-03-06',2990,'Paid'),
(144,'2026-03-07',4500,'Paid'),
(145,'2026-03-08',620,'Overdue'),
(146,'2026-03-09',1100,'Paid'),
(147,'2026-03-10',2800,'Paid'),
(148,'2026-03-11',950,'Paid'),
(149,'2026-03-12',3300,'Paid'),
(150,'2026-03-13',1250,'Paid'),
(151,'2026-03-14',700,'Unpaid'),
(152,'2026-03-15',4100,'Paid'),
(153,'2026-03-16',1800,'Paid'),
(154,'2026-03-17',2200,'Paid'),
(155,'2026-03-18',1600,'Unpaid'),
(156,'2026-03-19',875,'Paid'),
(157,'2026-03-20',3150,'Paid'),
(158,'2026-03-21',1400,'Paid'),
(159,'2026-03-22',2650,'Paid'),
(160,'2026-03-23',980,'Unpaid'),
(161,'2026-03-24',5200,'Paid'),
(162,'2026-03-25',1750,'Paid'),
(163,'2026-03-26',2400,'Paid'),
(164,'2026-04-02',1950,'Paid'),
(165,'2026-04-03',850,'Paid'),
(166,'2026-04-04',2750,'Paid'),
(167,'2026-04-05',1200,'Unpaid'),
(168,'2026-04-06',3400,'Paid'),
(169,'2026-04-07',650,'Overdue'),
(170,'2026-04-08',1800,'Paid'),
(171,'2026-04-09',4100,'Paid'),
(172,'2026-04-10',2200,'Paid'),
(173,'2026-04-11',950,'Paid'),
(174,'2026-04-12',1600,'Paid'),
(175,'2026-04-13',3100,'Paid'),
(176,'2026-04-14',720,'Unpaid'),
(177,'2026-04-15',2900,'Paid'),
(178,'2026-04-16',1450,'Paid'),
(179,'2026-04-17',3800,'Paid'),
(180,'2026-04-18',890,'Overdue'),
(181,'2026-04-19',2100,'Paid'),
(182,'2026-04-20',1750,'Paid'),
(183,'2026-04-21',2600,'Paid'),
(184,'2026-04-22',1250,'Paid'),
(185,'2026-04-23',4700,'Paid'),
(186,'2026-04-24',980,'Unpaid'),
(187,'2026-04-25',3300,'Paid'),
(188,'2026-04-26',1500,'Paid'),
(189,'2026-05-02',2100,'Paid'),
(190,'2026-05-03',780,'Paid'),
(191,'2026-05-04',3250,'Paid'),
(192,'2026-05-05',1400,'Unpaid'),
(193,'2026-05-06',2600,'Paid'),
(194,'2026-05-07',890,'Overdue'),
(195,'2026-05-08',3700,'Paid'),
(196,'2026-05-09',1150,'Paid'),
(197,'2026-05-10',4900,'Paid'),
(198,'2026-05-11',1050,'Paid'),
(199,'2026-05-12',2800,'Paid'),
(200,'2026-05-13',920,'Unpaid'),
(201,'2026-05-14',1500,'Paid'),
(202,'2026-05-15',4200,'Paid'),
(203,'2026-05-16',1800,'Paid'),
(204,'2026-05-17',3100,'Paid'),
(205,'2026-05-18',650,'Overdue'),
(206,'2026-05-19',2200,'Paid'),
(207,'2026-05-20',1350,'Paid'),
(208,'2026-05-21',2700,'Paid'),
(209,'2026-05-22',1450,'Paid'),
(210,'2026-05-23',5100,'Unpaid'),
(211,'2026-05-24',1200,'Paid'),
(212,'2026-05-25',3400,'Paid'),
(213,'2026-05-26',1600,'Paid');
INSERT INTO Payments
(OrderId, PaymentDate, Amount, PaymentMethod)
VALUES
(1,'2026-01-10',1800,'Bank Transfer'),
(2,'2026-01-11',950,'Credit Card'),
(3,'2026-01-15',2200,'Bank Transfer'),
(4,'2026-01-16',750,'Mobile Money'),
(5,'2026-01-18',3200,'Bank Transfer'),
(6,'2026-01-20',450,'Credit Card'),
(8,'2026-01-24',890,'Mobile Money'),
(9,'2026-01-27',2700,'Bank Transfer'),
(11,'2026-02-03',1800,'Bank Transfer'),
(12,'2026-02-05',950,'Credit Card'),
(13,'2026-02-08',3100,'Bank Transfer'),
(14,'2026-02-10',400,'Mobile Money'),
(16,'2026-02-14',1850,'Bank Transfer'),
(17,'2026-02-17',650,'Credit Card'),
(18,'2026-02-19',3400,'Bank Transfer'),
(20,'2026-02-22',1500,'Mobile Money'),
(134,'2026-02-24',600,'Credit Card'),
(135,'2026-02-26',2500,'Bank Transfer'),
(136,'2026-02-27',1800,'Bank Transfer'),
(138,'2026-03-02',1100,'Credit Card'),
(139,'2026-03-03',2450,'Bank Transfer'),
(140,'2026-03-04',1350,'Credit Card'),
(141,'2026-03-05',850,'Mobile Money'),
(143,'2026-03-07',2990,'Bank Transfer'),
(144,'2026-03-08',4500,'Bank Transfer'),
(146,'2026-03-10',1100,'Credit Card'),
(147,'2026-03-11',2800,'Bank Transfer'),
(148,'2026-03-12',950,'Credit Card'),
(149,'2026-03-13',3300,'Bank Transfer'),
(150,'2026-03-14',1250,'Mobile Money'),
(152,'2026-03-16',4100,'Bank Transfer'),
(153,'2026-03-17',1800,'Credit Card'),
(154,'2026-03-18',2200,'Bank Transfer'),
(156,'2026-03-20',875,'Mobile Money'),
(157,'2026-03-21',3150,'Bank Transfer'),
(158,'2026-03-22',1400,'Credit Card'),
(159,'2026-03-23',2650,'Bank Transfer'),
(161,'2026-03-25',5200,'Bank Transfer'),
(162,'2026-03-26',1750,'Credit Card'),
(163,'2026-03-27',2400,'Mobile Money'),
(164,'2026-04-03',1950,'Bank Transfer'),
(165,'2026-04-04',850,'Credit Card'),
(166,'2026-04-05',2750,'Bank Transfer'),
(168,'2026-04-07',3400,'Bank Transfer'),
(170,'2026-04-09',1800,'Mobile Money'),
(171,'2026-04-10',4100,'Bank Transfer'),
(172,'2026-04-11',2200,'Credit Card'),
(173,'2026-04-12',950,'Mobile Money'),
(174,'2026-04-13',1600,'Bank Transfer'),
(175,'2026-04-14',3100,'Bank Transfer'),
(177,'2026-04-16',2900,'Credit Card'),
(178,'2026-04-17',1450,'Mobile Money'),
(179,'2026-04-18',3800,'Bank Transfer'),
(181,'2026-04-20',2100,'Bank Transfer'),
(182,'2026-04-21',1750,'Credit Card'),
(183,'2026-04-22',2600,'Bank Transfer'),
(184,'2026-04-23',1250,'Mobile Money'),
(185,'2026-04-24',4700,'Bank Transfer'),
(187,'2026-04-26',3300,'Credit Card'),
(188,'2026-04-27',1500,'Bank Transfer'),
(189,'2026-05-03',2100,'Bank Transfer'),
(190,'2026-05-04',780,'Credit Card'),
(191,'2026-05-05',3250,'Bank Transfer'),
(193,'2026-05-07',2600,'Mobile Money'),
(195,'2026-05-09',3700,'Bank Transfer'),
(196,'2026-05-10',1150,'Credit Card'),
(197,'2026-05-11',4900,'Bank Transfer'),
(198,'2026-05-12',1050,'Mobile Money'),
(199,'2026-05-13',2800,'Bank Transfer'),
(201,'2026-05-15',1500,'Credit Card'),
(202,'2026-05-16',4200,'Bank Transfer'),
(203,'2026-05-17',1800,'Mobile Money'),
(204,'2026-05-18',3100,'Bank Transfer'),
(206,'2026-05-20',2200,'Credit Card'),
(207,'2026-05-21',1350,'Bank Transfer'),
(208,'2026-05-22',2700,'Mobile Money'),
(209,'2026-05-23',1450,'Credit Card'),
(211,'2026-05-25',1200,'Bank Transfer'),
(212,'2026-05-26',3400,'Bank Transfer'),
(213,'2026-05-27',1600,'Mobile Money');
INSERT INTO Suppliers
(SupplierName, ContactName, EmailAddress, PhoneNumber, Country)
VALUES
('Global Tech Supply','David Cole','contact@globaltech.com','+442000001','United Kingdom'),
('Euro Electronics','Maria Hoffmann','sales@euroelectronics.com','+492000002','Germany'),
('African Components Ltd','Kwame Mensah','info@africancomponents.com','+233200003','Ghana'),
('Nordic Hardware','Lars Jensen','contact@nordichardware.com','+452000004','Denmark'),
('Asia Devices Co','Wei Zhang','sales@asiadevices.com','+862000005','China'),
('Prime Office Solutions','John Peters','info@primeoffice.com','+12000006','United States'),
('Smart Networks','Sophie Martin','contact@smartnetworks.com','+332000007','France'),
('Digital Distribution','Michael Adams','sales@digitaldist.com','+12000008','United States'),
('TechSource Africa','Nana Ofori','info@techsourceafrica.com','+233200009','Ghana'),
('Future Electronics','Hans Becker','sales@futureelectronics.com','+492000010','Germany'),
('Global Displays','Emma Wilson','contact@globaldisplays.com','+442000011','United Kingdom'),
('Wireless World','Ahmed Salem','sales@wirelessworld.com','+202000012','Egypt'),
('Cloud Infrastructure Ltd','James Turner','info@cloudinfra.com','+442000013','United Kingdom'),
('Enterprise Hardware','Thomas Green','sales@enterprisehardware.com','+12000014','United States'),
('Connect Technologies','Linda Brown','contact@connecttech.com','+12000015','Canada'),

('Apex Manufacturing','Peter Johnson','sales@apexmfg.com','+271000016','South Africa'),
INSERT INTO Employees
(FirstName, LastName, EmailAddress, PhoneNumber, HireDate, JobTitle, Department)
VALUES
('James','Mensah','james.mensah@businessinsight.com','+233240000001','2022-01-10','Sales Manager','Sales'),
('Sarah','Johnson','sarah.johnson@businessinsight.com','+233240000002','2021-05-14','Finance Manager','Finance'),
('Michael','Brown','michael.brown@businessinsight.com','+233240000003','2023-02-20','Support Lead','Support'),
('Linda','Thomas','linda.thomas@businessinsight.com','+233240000004','2022-07-11','IT Manager','IT'),
('David','Taylor','david.taylor@businessinsight.com','+233240000005','2024-01-15','Account Executive','Sales'),
('Emily','Evans','emily.evans@businessinsight.com','+233240000006','2023-04-18','Financial Analyst','Finance'),
('Daniel','Walker','daniel.walker@businessinsight.com','+233240000007','2023-06-01','Support Specialist','Support'),
('Rebecca','Jones','rebecca.jones@businessinsight.com','+233240000008','2024-03-10','HR Manager','HR'),
('Andrew','Smith','andrew.smith@businessinsight.com','+233240000009','2022-09-05','Systems Administrator','IT'),
('Grace','Boateng','grace.boateng@businessinsight.com','+233240000010','2024-02-01','Sales Representative','Sales'),
('Peter','Owusu','peter.owusu@businessinsight.com','+233240000011','2023-05-22','Operations Manager','Operations'),
('Anna','Williams','anna.williams@businessinsight.com','+233240000012','2022-11-30','Business Analyst','Operations'),
('Chris','Miller','chris.miller@businessinsight.com','+233240000013','2024-01-05','Support Specialist','Support'),
('Nana','Ofori','nana.ofori@businessinsight.com','+233240000014','2023-09-18','Sales Representative','Sales'),
('Sophie','Martin','sophie.martin@businessinsight.com','+233240000015','2022-08-12','Accountant','Finance'),
('Thomas','Green','thomas.green@businessinsight.com','+233240000016','2024-04-01','Network Engineer','IT'),
('Patricia','Wilson','patricia.wilson@businessinsight.com','+233240000017','2021-10-20','HR Officer','HR'),
('Samuel','White','samuel.white@businessinsight.com','+233240000018','2023-12-01','Operations Analyst','Operations'),
('Emma','Wilson','emma.wilson@businessinsight.com','+233240000019','2024-05-15','Customer Success Manager','Support'),
('Yaw','Owusu','yaw.owusu@businessinsight.com','+233240000020','2024-06-10','Sales Representative','Sales');
INSERT INTO Support_Tickets
(CustomerId, Subject, Description, Status)
VALUES
(1,'Portal Login Issue','Unable to access customer portal','Open'),
(2,'Invoice Clarification','Requesting clarification on invoice charges','Closed'),
(3,'Order Delivery Delay','Order has not arrived within expected timeframe','In Progress'),
(4,'Product Configuration','Assistance required with setup','Open'),
(5,'Warranty Claim','Warranty replacement request','Closed'),
(6,'System Access','User unable to access service platform','Open'),
(7,'Payment Query','Question regarding payment status','Closed'),
(8,'Product Fault','Product not functioning as expected','In Progress'),
(9,'Account Update','Request to change company information','Closed'),
(10,'Shipping Issue','Shipment tracking unavailable','Open'),
(11,'Password Reset','Password reset required','Closed'),
(12,'Feature Request','Request for product enhancement','Open'),
(13,'Invoice Missing','Invoice not received','In Progress'),
(14,'Order Cancellation','Request to cancel active order','Closed'),
(15,'Technical Support','System generating error messages','Open'),
(16,'Licensing Query','Questions regarding licensing terms','Closed'),
(17,'Hardware Issue','Device not powering on','Open'),
(18,'Data Request','Export of historical data required','In Progress'),
(19,'Subscription Update','Upgrade subscription plan','Closed'),
(20,'Training Request','Product training required','Open'),
(21,'Delivery Confirmation','Confirm order delivery status','Closed'),
(22,'Billing Error','Potential billing discrepancy','Open'),
(23,'Performance Issue','Application running slowly','In Progress'),
